text, label
백미밥,rice
팽이버섯미역국,soup
중국식오이무침,none
훈제오리,none
머스터드,none
군만두,none
배추김치,none
쇠고기채소죽,porridge
줄무늬감자튀김,none
치아바타샌드위치,bread
피크닉,processed
옥수수크림스프,soup
셀프불고기버거,bread
감자튀김,none
케첩,none
치즈스틱,none
오이피클,none
복숭아주스,processed
스팸마요덮밥,rice
두부된장국,soup
오이소박이,none
군만두,none
초간장,none
배추김치,none
파인애플바,fruit
백미밥,rice
들깨무채국,soup
모듬어묵조림,none
치즈불닭,none
배추김치,none
연두부,none
양념간장,none
두부된장국,soup
햄스크램블에그,none
차슈덮밥,rice
배추김치,none
단무지,none
요구르트,processed
백미밥,rice
닭개장,soup
수제소시지볶음,none
배추김치,none
요거트푸딩,processed
작은백미밥,rice
옥수수스프,soup
비타민샐러드,none
줄무늬감자튀김,none
티본스테이크,none
깍두기,none
백미밥,rice
얼큰쇠고기국,soup
파채무침,none
연두부,none
간장양념,none
바싹불고기,none
볶음김치,none
오복지양념밥,rice
우동국물,soup
해물볶음우동,none
플라워닭꼬지,none
깍두기,none
백미밥,rice
콩나물국,soup
건파래볶음,none
빨간까르보닭갈비,none
배추김치,none
키위푸딩,processed
백미밥,rice
쇠고기미역국,soup
삼색겨자채,none
연두부,none
양념장,none
돼지두루치기,none
깍두기,none
백미밥,rice
북어무국,soup
참치채소볶음,none
유린기,none
배추김치,none
도시락김,processed
백미밥,rice
어묵국,soup
돈등뼈김치찜,none
연두부,none
간장양념,none
명엽채볶음,none
깍두기,none
백미밥,rice
조랭이미역국,soup
소고기숙주볶음,none
미니돈까스,none
소스,none
볶음김치,none
나물비빔밥,none
약고추장,none
유부된장국,soup
못난이피자함박,bread
배추김치,none
오렌지,fruit
백미밥,rice
닭개장,soup
깻잎지무침,none
너비아니구이,none
머스터드,none
깍두기,none
백미밥,rice
김치국,soup
콩나물불고기,none
버터플라이새우,none
깍두기,none
짜먹는요거바,processed
유부초밥,none
우동국물,soup
불고기볶음우동,none
청파래오징어까스,none
타르소스,none
깍두기,none
단무지,none
스팸마요덮밥,rice
두부김치국,soup
치킨카레후라이드,none
화이트소스,none
깍두기,none
파인애플바,fruit
작은백미밥,rice
투움바파스타,noodle
유부장국,soup
양상추샐러드,none
오리엔탈드레싱,none
치즈미트파이,bread
깍두기,none
치밥,rice
치밥소스,rice
어묵우동,noodle
마카로니샐러드,none
단무지,none
요구르트,processed
백미밥,rice
짬뽕수제비,soup
과일샐러드,fruit
레몬깐쇼새우,none
배추김치,none
단무지,none
백미밥,rice
돼지국밥다대기,soup
부추겉절이,none
잡채전병초간장,none
석박지,none
백미밥,rice
무채국,soup
la갈비찜,none
알감자버터구이,none
배추김치,none
도시락김,processed
백미밥,rice
콩나물국,soup
돈등뼈김치찜,none
모듬햄볶음,none
깍두기,none
도시락김,processed
백미밥,rice
시금치된장국,soup
족발,none
맛살튀김,none
칠리소스,none
배추김치,none
쌈무,none
백미밥,rice
무채국,soup
꽈리고추계란장조림,none
돼지갈비찜,none
건파래볶음,none
배추김치,none
카레라이스,rice
우동국물,soup
에그햄까스,none
간장닭다리,none
배추김치,none
크림스프,soup
페스츄리샌드위치,bread
콘샐러드,none
체다치즈감자튀김,none
쿨피스,processed
백미밥,rice
근대된장국,soup
치즈불닭,none
햄감자채볶음,none
배추김치,none
연두부,none
양념간장,none
수제밥버거,bread
유부된장국,soup
숙주나물무침,none
미니돈까,none
케찹,none
깍두기,none
애플망고푸딩,processed
백미밥,rice
육개장,soup
돈육간장강정,none
건파래볶음,none
배추김치,none
삼색소보루덮밥,rice
매운우동국물,soup
까르보나라떡볶이,none
깍두기,none
푸딩,none
백미밥,rice
미역국,soup
돈등뼈김치찜,none
숙주나물무침,none
타코야끼,none
깍두기,none
백미밥,rice
두부새우젓국,soup
계란찜,none
파채무침,none
간장불고기,none
볶음김치,none
백미밥,rice
돼지국밥,soup
다대기,soup
부추겉절이,none
김치전,none
석박지,none
망고주스,processed
백미밥,rice
돼지국밥,soup
다대기,soup
부추겉절이,none
짬뽕군만두,none
석박지,none
요구르트,processed
백미밥,rice
부대찌개,soup
돈육강정,none
깍두기,none
파인애플바,fruit
도시락김,processed
백미밥,rice
근대된장국,soup
꽈리고추계란장조림,none
콩나물불고기,none
명엽채볶음,none
배추김치,none
오리고기김치볶음밥,rice
계란프라이,rice
어묵국,soup
회오리감자튀김,none
깍두기,none
혼합잡곡밥,rice
된장찌개,soup
깻잎지무침,none
뼈없는닭갈비,none
햄전,none
케찹,none
배추김치,none
혼합잡곡밥,rice
왕만두육개장,none
연근땅콩조림,none
소시지계란말이,none
케첩,none
알타리김치,none
떠먹는요거트,none
파래김,none
참기름장,none
전복죽,porridge
오징어젓무생채,none
메밀전병,none
회오리감자튀김,none
배추김치,none
쥬시쿨,processed
혼합잡곡밥,rice
쇠고기탕국,soup
꽁치캔김치조림,none
탕평채,soup
소떡소떡,rice_cake
백김치,none
작은백미밥,rice
유부우동국,soup
갈비구이,none
잎새만두찜,none
초간장,none
쫄면채소무침,noodle
단무지,none
혼합잡곡밥,rice
등뼈감자탕,soup
메추리알조림,none
납작만두,none
비빔야채,none
석박지,none
요거트푸딩,none
혼합잡곡밥,rice
동태매운탕,soup
미트볼조림,none
얼갈이상추겉절이,none
석박지,none
야채스틱파이,none
작은백미밥,rice
잔치국수,soup
열무김치,none
마시는요플레,none
셀프치킨또띠아,none
혼합잡곡밥,rice
들깨무채국,soup
시험뿌셔,none
온두부,none
양념장,none
숙주미나리나물,none
간장불고기,none
볶음김치,none
요구르트,none
카레라이스,rice
지코바식치킨,none
유부된장국,soup
양배추샐러드,none
케요네즈,none
배추김치,none
쥬시쿨,none
작은백미밥,rice
크림스프,soup
크루통,soup
양배추샐러드,none
케요네즈,none
콘샐러드,none
경양식돈가스,none
깍두기,none
혼합잡곡밥,rice
도토리묵냉국,soup
감자조림,none
마늘소스수육,none
미역줄기볶음,none
보쌈김치,none
혼합잡곡밥,rice
들깨시락국,soup
코다리조림,none
건파래볶음,none
치킨너겟,none
머스타드,none
배추김치,none
작은백미밥,rice
계란파국,soup
중화볶음우동,none
스윗고구마,none
케첩,none
배추김치,none
단무지,none
토망고,none
혼합잡곡밥,rice
북어콩나물국,soup
동인동쪽갈비,none
미역줄기볶음,none
동그랑땡전,none
케첩,none
배추김치,none
곤드레나물밥,rice
양념간장,rice
돈육순두부찌개,soup
계란장조림,none
핫도그,none
케찹,none
깍두기,none
장조림버터비빔밥,rice
두부된장국,soup
견과류멸치볶음,none
통안심닭꼬치,none
깍두기,none
작은백미밥,rice
옥수수스프,soup
양상추샐러드,none
레몬드레싱,none
수제돈까스,none
치즈함박스테이크,none
깍두기,none
쇠고기덮밥,rice
김치콩나물국,soup
상추얼갈이겉절이,none
미니돈까스,none
일식소스,none
깍두기,none
요구르트,processed
작은백미밥,rice
브로콜리스프,soup
미트스파게티,none
버터플라이새우,none
깍두기,none
오이피클,none
작은백미밥,rice
우동,none
그린샐러드,none
흑임자드레싱,none
등심돈까스),none
깍두기,none
오이피클,none
찹쌀팥밥,rice
바지락미역국,soup
중국식오이무침,soup
오리불고기,none
어묵잡채,none
배추김치,none
굴소스계란볶음밥,rice
유부된장국,soup
양상추샐러드,none
키위드레싱,none
목살스테이크,none
파인애플구이,fruit
깍두기,none
딸기라떼,none
오이피클,none
혼합잡곡밥,rice
된장찌개,soup
오향장육,none
물만두야채무침,none
배추김치,none
토마토꿀절임,none
혼합잡곡밥,rice
시금치된장국,soup
브로콜리숙회,none
초고추장,none
제육볶음,none
베이컨감자채볶음,none
알타리김치,none
작은백미밥,rice
잔치국수,soup
타코야끼,none
열무김치,none
떠먹는요거트,none
마파두부덮밥,rice
계란파국,soup
고추잡채,bread
꽃빵,bread
배추김치,none
단무지,none
혼합잡곡밥,rice
맑은감자국,soup
돈육두루치기,none
오절판,none
겨자소스,none
김말이튀김,none
깍두기,none
작은백미밥,rice
나가사키짬뽕,none
단무지무침,none
깐풍새우,none
배추김치,none
수제레몬주스,none
혼합잡곡밥,rice
김치콩나물국,soup
생깻잎지,none
소불고기,none
햄감자채볶음,none
알타리김치,none
쇠고기채소죽,porridge
토마토양상추샐러드,none
뉴욕식핫도그,none
맛감자튀김,none
사과주스,none
혼합잡곡밥,rice
감자국,soup
모듬장조림,none
새우살호박볶음,none
두부구이,none
양념장,none
배추김치,none
오리불고기볶음밥,rice
계란프라이,rice
냉모밀국수,soup
치커리사과무침,none
생선까스,none
탈탈소스,none
배추김치,none
백미밥,rice
장각삼계탕,soup
떡갈비,rice_cake
데리야끼,rice_cake
깍두기,none
오렌지,none
채소스틱,none
쌈장,none
혼합잡곡밥,rice
사골만두국,soup
제육볶음,none
알감자버터구이,none
알타리김치,none
양배추쌈,none
양념장,none
혼합잡곡밥,rice
만두국,soup
건파래볶음,none
어묵볶음,none
고등어구이,none
양념장,none
볶음김치,none
혼합잡곡밥,rice
바지락미역국,soup
어묵굴소스볶음,none
돈육장조림,none
콩나물파채무침,none
배추김치,none
작은백미밥,rice
자장면계란프라이,noodle
계란파국,soup
단무지무침,none
탕수육,soup
배추김치,none
두부된장국,soup
얇은피만두찜,none
초간장,none
차슈덮밥,rice
스크램블에그,none
배추김치,none
단무지,none
요구르트,none
곤드레나물밥,rice
양념장,rice
들깨무채국,soup
건파래볶음,none
핫도그,none
케찹,none
볶음김치,none
생바나나주스,none
혼합잡곡밥,rice
조랭이미역국,soup
콩나물냉채,none
훈제오리주물럭,none
알감자버터구이,none
배추김치,none
혼합잡곡밥,rice
맑은쇠고기국,soup
매운돼지갈비찜,none
애느타리버섯볶음,none
오미산적,none
배추김치,none
유과,none
혼합잡곡밥,rice
조랭이미역국,soup
족발,none
비빔막국수,soup
맛살튀김,none
칠리소스,none
배추김치,none
야채스프,soup
모듬감자튀김,none
꼬르동블루먹물햄버거,none
오렌지주스,none
요거트푸딩,none
혼합잡곡밥,rice
시금치된장국,soup
상추겉절이,none
뼈없는안동찜닭,none
오꼬노미야끼,none
배추김치,none
삼색소보루덮밥,rice
김치어묵국,soup
까르보나라떡볶이,rice_cake
깍두기,none
토마토,none
차수수밥,rice
등뼈감자탕,soup
비엔나케찹볶음,none
탕평채,soup
아삭이고추된장무침,none
석박지,none
팽이버섯된장국,soup
콩나물무침,none
주꾸미돈육덮밥,rice
통새우군만두,none
초간장,none
김말이튀김,none
배추김치,none
작은백미밥,rice
팽이버섯된장국,soup
쫄면,noodle
지파이,none
배추김치,none
단무지,none
오렌지,none
혼합잡곡밥,rice
들깨무채국,soup
이바디등뼈찜,none
숙주미나리나물,none
계란두부구이,none
양념간장,none
두부구이,none
볶음김치,none
혼합잡곡밥,rice
북어채콩나물국,soup
갈비산적조림,none
코다리무조림,none
볶음김치,none
연두부,none
양념장,none
수박,none
굴소스계란볶음밥,rice
순대,none
양파&막장,none
김치말이냉국수,soup
떡볶이,rice_cake
열무김치,none
팽이버섯된장국,soup
소시지프리타타,none
주꾸미돈육덮밥,rice
김가루,rice
배추김치,none
독도빵,bread
매운우동국물,soup
투움바파스타,noodle
조각피자,none
깍두기,none
수제채소피클,none
혼합잡곡밥,rice
버섯호박찌개,soup
부들어묵조림,none
다시마채무침,none
안동찜닭,none
알타리김치,none
혼합잡곡밥,rice
북어콩나물국,soup
계란장조림,none
돈육두루치기,none
열무김치,none
양배추쌈,none
양념장,none
혼합잡곡밥,rice
들깨시락국,soup
도토리묵,none
양념장,none
묵은지닭조림,none
알타리김치,none
명란김,none
카레라이스,rice
유부된장국,soup
자메이카치킨,none
알타리김치,none
카프레제샐러드,none
추억의도시락,none
꼬지어묵국,soup
군만두,none
요구르트,none
작은백미밥,rice
양송이스프,soup
스위트포테이토링,none
케첩,none
티본스테이크,none
깍두기,none
수능케이크,bread
혼합잡곡밥,rice
들깨시락국,soup
다시마채무침,none
소불고기,none
완자칠리소스조림,none
볶음김치,none
혼합잡곡밥,rice
감자수제비국,soup
도토리묵,none
양념간장,none
사각어묵볶음,none
훈제오리,none
머스타드,none
배추김치,none
혼합잡곡밥,rice
김치콩나물국,soup
생깻잎지,none
소불고기,none
완자전,none
케첩,none
석박지,none
혼합잡곡밥,rice
돈육김치찌개,soup
소시지프리타타,none
가지나물,none
모듬어묵볶음,none
알타리김치,none
굴소스계란볶음밥,rice
미트스파게티,none
유부된장국,soup
폭립,none
양상추샐러드,none
키위드레싱,none
웨지감자튀김,none
깍두기,none
혼합잡곡밥,rice
쇠고기미역국,soup
아귀순살강정,none
돈채숙주볶음,none
배추김치,none
메론,none
파인애플볶음밥,rice
쌀국수,soup
단무지무침,none
야채춘권,none
칠리소스,none
배추김치,none
혼합잡곡밥,rice
쫄면야채무침,noodle
매콤콩나물국,soup
치킨까스,none
소스,none
깍두기,none
백미밥,rice
순대돼지국밥,soup
소시지야채볶음,none
부추생채,none
섞박지,none
발아현미밥,rice
햄부대찌개,soup
메추리알곤약조림,none
가자미구이,none
깍두기,none
백미밥,rice
하이라이스소스,rice
새우튀김샐러드,none
어묵조림,none
깍두기,none
맑은콩나물국,soup
제육덮밥,rice
청초부추전,none
배추김치,none
발아현미밥,rice
돈육고추장찌개,soup
감자샐러드,none
등심돈강정,none
양파초절임,none
깍두기,none
발아현미밥,rice
동태매운탕,soup
삼색계란찜,none
파채불고기,none
배추김치,none
혼합잡곡밥,rice
나가사키짬뽕국,soup
숙주당근나물,none
핫깐풍칠리새우,none
깍두기,none
불고기덮밥,rice
팽이된장국,soup
치커리사과생채,none
김치전,none
깍두기,none
투움바파스타,noodle
그린샐러드,none
키위D,none
케이준깔조네,none
사과주스,processed
오이피클,none
김치필라프,none
콤비네이션피자,none
쪽파계란국,soup
깍두기,none
플레인요거트,none
수제오므라이스,rice
유부일식장국,soup
갈떡갈떡,rice_cake
깍두기,none
옥수수스프,soup
토마토스파게티,none
일식양배추샐러드,none
뱅글핫도그,none
케찹,none
깍두기,none
보리밥,rice
쪽파계란국,soup
감자채볶음,none
김치닭볶음,none
깍두기,none
백미밥,rice
맑은콩나물국,soup
마파두부,none
유린기,none
깍두기,none
발아현미밥,rice
나가사키짬뽕국,soup
오이양파무침,none
탕수육,none
깍두기,none
발아현미밥,rice
유부일식장국,soup
감자고로케,none
매콤바싹불고기,none
어니언드레싱,none
배추김치,none
백미밥,rice
단무지무침,none
알감자버터구이,none
짬뽕만두,none
자장소스,none
백미밥-소,rice
닭갈비볶음우동,none
핫도그,none
깍두기,none
스위티자몽주스,processed
혼합잡곡밥,rice
순두부찌개,soup
도토리묵무침,none
오리채소구이,none
배추김치,none
혼합잡곡밥,rice
육개장,none
소시지메추리알볶음,none
새송이버섯볶음,none
깍두기,none
참치새싹비빔밥,rice
곤약어묵국,soup
배추김치,none
플레인요거트,none
닭꼬치튀김,none
발아현미밥,rice
종합어묵국,soup
떡볶이,none
순대,none
막장,none
단무지,none
발아현미밥,rice
고기만두국,soup
취나물무침,none
돈육김치볶음,none
깍두기,none
맑은콩나물국,soup
불고기생야채비빔밥,rice
새송이버섯볶음,none
배추김치,none
회오리감자튀김,none
보리밥,rice
등뼈감자탕,soup
오이양파무침,none
소떡소떡꼬지,none
섞박지,none
보리밥,rice
버섯떡불고기,none
순두부찌개,soup
오이양파무침,none
깍두기,none
혼합잡곡밥,rice
햄부대찌개,soup
스크램블에그,none
새우까스,none
깍두기,none
보리밥,rice
곤약탕국,soup
감자채볶음,none
오리불고기,none
깍두기,none
백미밥,rice
카레소스,none
그린샐러드,none
키위D,none
콘치즈함박구이,none
배추김치,none
발아현미밥,rice
동태매운탕,soup
봉추찜닭,none
숙주당근나물,none
깍두기,none
스테프핫도그,none
웨지감자,none
케찹,none
우유,processed
시리얼,none
오이피클,none
참치새싹비빔밥,rice
유부일식장국,soup
콘크러스트피자,none
배추김치,none
발아현미밥,rice
왕만두국,soup
메추리알곤약조림,none
햄구이,none
케첩,none
깍두기,none
발아현미밥,rice
오징어짬뽕국-하,soup
도토리묵무침,none
어니언새우,none
깍두기,none
김치볶음밥,rice
쪽파계란국,soup
셀프너비아니또띠아,none
깍두기,none
발아현미밥,rice
떡국,soup
삼색계란찜,none
돈육김치볶음,none
깍두기,none
보리밥,rice
맑은동태탕,soup
콩나물불고기,none
간장어묵조림,none
깍두기,none
기장밥,rice
소고기우거지국,soup
닭데리야끼구이,none
충무식오징어어묵무침,none
배추김치,none
무조미김,processed
치킨버거,bread
감자튀김,none
케찹,none
우유,processed
시리얼,none
오이피클,none
발아현미밥,rice
콩나물무침,none
돈등뼈사태김치찜,none
백순대볶음,none
소스,none
깍두기,none
북어무국,soup
오이양파무침,none
버터새우소시지구이,none
고추잡채덮밥,rice
배추김치,none
백미밥,rice
크림새우,none
고기짬뽕면,noodle
오이양파무침,none
깍두기,none
기장밥,rice
두부된장국,soup
일미간장조림,none
치킨텐더,none
양파초절임,none
깍두기,none
기장밥,rice
나가사키짬뽕국,soup
파프리카새송이버섯볶음,none
핫깐풍칠리새우,none
깍두기,none
발아현미밥,rice
춘천막국수,noodle
팽이된장국,soup
돈육알사태수육,none
배추김치,none
발아현미밥,rice
육개장,soup
돈육김치두부구이,none
동그랑땡전,none
깍두기,none
혼합잡곡밥,rice
나가사키짬뽕국,soup
참나물무침,none
유린기,none
배추김치,none
검정쌀밥,rice
매콤소고기무국,soup
그린샐러드,none
파인애플,fruit
고추마요치킨,none
깍두기,none
보리밥,rice
곤약탕국,soup
봉추찜닭,none
콩나물무침,none
깍두기,none
맛김,processed
발아현미밥,rice
참치김치찌개,soup
새송이버섯볶음,none
빅언양식불고기,none
파채무침,none
깍두기,none
백미밥,rice
매콤콩나물국,soup
실곤약초무침,none
카레닭볶음탕,none
배추김치,none
발아현미밥,rice
오징어짬뽕국-하,soup
오이양파무침,none
탕수육,none
깍두기,none
혼합잡곡밥,rice
매콤소고기무국,soup
해물볶음우동-대,noodle
감자고로케,none
배추김치,none
김가루밥,rice
가쓰오장국,soup
떡볶이,rice_cake
야채튀김,none
단무지,none
백미밥-소,rice
해물볶음우동-대,noodle
쥬시쿨,processed
단무지,none
타코야끼,none
백미밥,rice
닭다리백숙,soup
미트볼야채볶음,none
치커리사과생채,none
배추김치,none
백미밥-소,rice
마라탕,soup
오이양파무침,none
한입꿔바로우탕수육,none
단무지,none
혼합잡곡밥,rice
육개장,soup
감자채볶음,none
찐만두,none
깍두기,none
백미밥,rice
옥수수스프,soup
감자튀김,processed
케찹,processed
함박에그스테이크,none
깍두기,none
오리훈제볶음밥,rice
가쓰오장국,soup
그린샐러드,none
깍두기,none
닭꼬치튀김,none
백미밥-소,rice
잔치국수,soup
언양식불고기,none
파채무침,none
감자조림,none
배추김치,none
햄부대찌개,soup
치커리토마토무침,none
멘보샤,none
칠리소스,none
간장계란밥,rice
깍두기,none
백미밥,rice
돼지고기국수,noodle
김말이만두강정,none
배추김치,none
백미밥-소,rice
탄탄멘,noodle
단무지,none
굴림만두,none
발아현미밥,rice
푸실리샐러드,none
돈육고추장찌개,soup
탕수육,none
배추김치,none
맑은아귀탕,soup
미니떡갈비조림,none
참치마요덮밥,rice
깍두기,none
사과주스,processed
숯불양념치밥,rice
가쓰오장국,soup
탕수만두,none
깍두기,none
발아현미밥,rice
순두부찌개,soup
숙주당근나물,none
매콤함박스테이크,none
웨지감자,none
깍두기,none
기장밥,rice
시금치된장국,soup
삼색계란찜,none
돈사태김치찜,none
깍두기,none
돈육간장불고기,none
백미밥-소,rice
비비바락국수,soup
맑은콩나물국,soup
배추김치,none
기장밥,rice
간장등뼈찜,none
상큼과일샐러드,none
생선까스,none
깍두기,none
발아현미밥,rice
떡국,soup
애호박버섯볶음,none
오리불고기,none
배추김치,none
백미밥,rice
소머리국밥,none
소면,soup
고등어무조림,none
부추생채,none
섞박지,none
혼합잡곡밥,rice
왕만두국,soup
감자채볶음,none
콩나물불고기,none
배추김치,none
비빔김밥,rice
가쓰오장국,soup
떡볶이,none
고구마치즈볼,none
배추김치,none
발아현미밥,rice
닭곰탕,soup
삼색계란찜,none
제육볶음,none
배추김치,none
발아현미밥,rice
북어콩나물국,soup
시금치나물,none
순살닭고구마조림,none
배추김치,none
삼색나물비빔밥,rice
약고추장,rice
두부된장국,soup
오리불고기,none
배추김치,none
초코수리취떡,rice_cake
떡갈비버거,bread
김치우동,noodle
어니언링,none
케찹,none
단무지,none
불고기덮밥,rice
쫄면야채무침,none
만두,none
쑥냉이된장국,soup
배추김치,none
백미밥,rice
초계국수,noodle
두가지맛왕만두,none
도토리묵무침,none
배추김치,none
발아현미밥,rice
쫄면야채무침,noodle
김치콩나물국,soup
고구마치즈돈까스,none
소스,none
깍두기,none
발아현미밥,rice
떡국,soup
크래미샐러드,none
깐풍기,none
깍두기,none
팽이된장국,soup
그린샐러드,none
파인애플,fruit
김말이만두강정,none
통붕장어덮밥,rice
배추김치,none
돈육고추장찌개,soup
닭꼬들목살덮밥,rice
배추김치,none
회오리감자튀김,none
백미밥,rice
순대돼지국밥,soup
부추생채,none
참치김치두부구이,none
섞박지,none
두부미역장국,soup
고등어무조림,none
시금치나물,none
치킨마요,none
깍두기,none
백미밥,rice
닭곰탕,soup
너비아니,none
부추생채,none
감자조림,none
배추김치,none
크림스프,soup
함박스파게티,none
그린샐러드,none
참깨D,none
케이준깔조네,none
오이피클,none
검정쌀밥,rice
땡초시락국,soup
메추리알곤약조림,none
훈제오리,none
모듬야채,none
봄동무침,none
보리밥,rice
돈육고추장찌개,soup
환어묵볶음,none
오리채소구이,none
배추김치,none
보리밥,rice
따뜻한묵사발,none
치즈불닭구이,none
고구마맛탕,none
배추김치,none
보리밥,rice
두부된장국,soup
콩나물파절이,none
삼겹살고추장구이,none
배추김치,none
버섯떡불고기,none
버섯콩나물밥,rice
달래양념장,rice
강된장찌개,soup
무생채,none
배추김치,none
피칸파이,bread
백미밥-소,rice
냉메밀소바,noodle
떡볶이,none
등심돈까스,none
깍두기,none
발아현미밥,rice
등뼈감자탕,soup
콩나물무침,none
찐만두,none
배추김치,none
혼합잡곡밥,rice
소고기미역국,soup
실곤약초무침,none
오리채소구이,none
배추김치,none
뻥이요,processed
보리밥,rice
맑은소고기무국,soup
감자샐러드,none
탄두리치킨,none
배추김치,none
혼합잡곡밥,rice
소고기미역국,soup
돼지갈비찜,none
애호박버섯볶음,none
배추김치,none
미니소시지빵,bread
오리훈제볶음밥,rice
감자수제비국,soup
환어묵볶음,none
멘보샤,none
칠리소스,none
배추김치,none
기장밥,rice
맑은굴림만두전골,soup
오이양파무침,none
제육볶음,none
배추김치,none
보리밥,rice
북어무국,soup
코울슬로,none
치즈불닭구이,none
또띠아,none
배추김치,none
검정쌀밥,rice
두부미역장국,soup
돼지갈비찜,none
고구마맛탕,none
배추김치,none
보리밥,rice
땡초시락국,soup
닭데리야끼구이,none
충무식오징어어묵무침,none
섞박지,none
무조미김,processed
혼합잡곡밥,rice
소고기미역국,soup
숙주당근나물,none
김치오리볶음,none
깍두기,none
떡또아,processed
계란야채볶음밥,rice
쌀국수,noodle
탕수만두,soup
배추김치,none
찜닭덮밥,rice
단배추된장국,soup
콘크러스트피자,bread
깍두기,none
혼합잡곡밥,rice
소고기우거지국,soup
마늘쫑무침,none
훈제한방족살,none
모듬야채,none
배추김치,none
백미밥,rice
게살계란탕,soup
치커리사과생채,none
마파두부,none
탕수육,none
배추김치,none
혼합잡곡밥,rice
북어무국,soup
오리불고기,none
청초부추전,none
배추김치,none
백미밥,rice
하이라이스소스,none
닭가슴살퀘사디아,none
그린샐러드,none
참깨D,none
배추김치,none
백미밥-소,rice
잔치국수,soup
간장어묵조림,none
볼카츠샐러드,none
배추김치,none
백미밥,rice
닭다리백숙,soup
고메함박샐러드,none
깍두기,none
기장밥,rice
두부된장국,soup
콩나물파절이,none
마늘삼겹살구이,none
배추김치,none
발아현미밥,rice
순두부짬뽕국,soup
돈육부추볶음,none
감자조림,none
배추김치,none
발아현미밥,rice
꽃게탕,soup
순살닭고구마조림,none
하트연근전,none
배추김치,none
발아현미밥,rice
샐러드파스타,noodle
돈육김치찌개,soup
생선튀김,none
깍두기,none
혼합잡곡밥,rice
맑은동태탕,soup
상추깻잎겉절이,none
김치오리볶음,none
깍두기,none
보리밥,rice
두부미역장국,soup
치커리토마토무침,none
돈사태김치찜,none
깍두기,none
삼색나물비빔밥,rice
약고추장,rice
전주식콩나물국,soup
한방돼지갈비찜,none
도토리묵무침,none
배추김치,none
백미밥,rice
카레소스,none
치커리토마토무침,none
콘치즈함박구이,none
배추김치,none
보리밥,rice
맑은아귀탕,soup
돈육김치볶음,none
어묵잡채,none
깍두기,none
참치새싹비빔밥,rice
곤약탕국,soup
멸치해바라기씨볶음,none
동그랑땡전,none
배추김치,none
발아현미밥,rice
매콤소고기무국,soup
간장어묵조림,none
크레미양파치킨,none
깍두기,none
발아현미밥,rice
소고기미역국,soup
애호박버섯볶음,none
춘천닭갈비,none
배추김치,none
쿠키앤크림비요뜨,processed
보리밥,rice
맑은동태탕,soup
깻잎순나물,none
눈꽃치즈닭갈비,none
배추김치,none
발아현미밥,rice
두부된장국,soup
상추쌈,none
쌈장,none
족발,none
매콤소스,none
배추김치,none
백미밥,rice
순두부찌개,soup
치킨텐더샐러드,none
새송이버섯볶음,none
깍두기,none
백미밥-소,rice
투움바파스타,noodle
치킨텐더샐러드,none
브라운브레드,bread
초코쨈,none
오이피클,none
백미밥,rice
옥수수스프,soup
푸실리토마토소스볶음,none
등심돈까스,none
깍두기,none
백미밥-소,rice
돈코츠라멘,noodle
치커리토마토무침,none
어향새우가지튀김,none
깍두기,none
백미밥,rice
카프레제샐러드,none
돈등뼈사태김치찜,none
피쉬앤칩스,none
배추김치,none
검정쌀밥,rice
김치수제비국,soup
멸치볶음,none
고메함박샐러드,none
깍두기,none
보리밥,rice
강된장찌개,soup
오이고추된장박이,none
김치제육볶음,none
두부,none
배추김치,none
돈육간장불고기,none
혼합잡곡밥,rice
떡국,soup
고추장계란조림,none
배추김치,none
백미밥,rice
하이라이스소스,none
닭가슴살퀘사디아,none
그린샐러드,none
청포도요거트D,none
배추김치,none
보리밥,rice
땡초시락국,soup
미니바베큐구이,none
실곤약초무침,none
배추김치,none
발아현미밥,rice
감자양파스프,soup
푸실리토마토소스볶음,none
아쿠아돈까스,none
깍두기,none
기장밥,rice
등뼈감자탕,soup
맛살샐러드,none
가자미구이,none
깍두기,none
보리밥,rice
육개장,soup
셀프핫치킨또띠아,none
간장어묵조림,none
깍두기,none
보리밥,rice
맑은소고기무국,soup
돼지갈비찜,none
감자채볶음,none
배추김치,none
백미밥-소,rice
짜계치,noodle
환어묵볶음,none
찐만두,none
단무지,none
발아현미밥,rice
곤약탕국,soup
김치닭볶음,none
고구마맛탕,soup
깍두기,none
혼합잡곡밥,rice
복주머니어묵국,soup
쌈무,none
깻잎쌈,none
마요네즈,none
주꾸미돈육볶음,none
배추김치,none
발아현미밥,rice
참치김치찌개,soup
파채불고기,none
알감자버터구이,none
깍두기,none
쪽파계란국,soup
낙곱새비빔밥,rice
배추김치,none
닭꼬치튀김,none
백미밥,rice
오이양파무침,none
고등어데리야끼구이,none
어묵잡채,none
자장소스,none
단무지,none
혼합잡곡밥,rice
쫄면야채무침,noodle
땡초시락국,soup
치킨까스,none
소스,none
깍두기,none
발아현미밥,rice
햄부대찌개,soup
모닝빵감자샌드위치,bread
삼치데리야끼구이,none
깍두기,none
에비동[새우튀김덮밥],rice
돈육김치찌개,soup
미니떡갈비조림,none
그린샐러드,none
파인애플,fruit
깍두기,none
검정쌀밥,rice
감자옹심이국,soup
무생채,none
돈육김치두부구이,none
배추김치,none
할라피뇨 통살버거,bread
BLT샌드위치,bread
감자크로켓,bread
꽈배기,bread
닭가슴살샌드위치,bread
도넛,bread
롤케이크,bread
링도넛,bread
마늘빵,bread
머핀,bread
모닝빵,bread
모카빵,bread
베이글,bread
불고기버거,bread
사과파이,bread
생크림케이크,bread
소보로빵,bread
식빵,bread
식빵토스트,bread
찐빵,bread
참치 샌드위치,bread
찹쌀도넛,bread
채소샌드위치,bread
초코 소라빵,bread
츄러스,bread
치킨버거,bread
카스텔라,bread
크로아상,bread
페이스트리,bread
피자빵,bread
햄버거,bread
햄샌드위치,bread
햄치즈샌드위치,bread
호떡,bread
미니브라우니,bread
핫도그,bread
마늘 빵,bread
크림갈릭볼,bread
츄러스,bread
치즈츄러스,bread
스틱츄,bread
치즈스틱츄,bread
초코필링츄,bread
시나몬츄라이,bread
케이준츄라이,bread
어니언츄라이,bread
곰보빵,bread
만주,bread
버터크림빵,bread
참치샌드위치,bread
찹쌀도우넛,bread
채소고로케,bread
초콜릿케이크,bread
치즈케이크,bread
페이스트리빵,bread
불고기샌드,bread
쉬골샌드,bread
포골샌드,bread
치즈볼&바게트스틱,bread
바게트스틱,bread
브래드스틱,bread
팥치즈반달빵,bread
허니브레드,bread
젤라또 브레드,bread
크로크무슈,bread
베이컨 치즈 팟파이,bread
치킨 팟파이,bread
불고기 브리또,bread
핫칠리치킨 브리또,bread
쿠키&크림 번버거,bread
티라미수 번버거,bread
수플레 치즈케잌,bread
티라미수 케잌,bread
초코무스 케잌,bread
레드벨벳 요거트 롤,bread
그린티 롤,bread
티라미수 샌디,bread
리코타 딸기 샌디,bread
쿠키 & 크림 샌디,bread
클래식 플레인 와플,bread
클래식 블루베리 와플,bread
클래식 마롱 와플,bread
못난이찹쌀꽈배기,bread
못난이찹쌀팥도넛,bread
못난이찹쌀유자도넛,bread
못난이찹쌀고구마크림치즈도넛,bread
못난이찹쌀핫도그,bread
못난이찹쌀모짜렐라치즈핫도그,bread
못난이찹쌀모짜렐라치즈도넛,bread
초콜릿 글레이즈드,bread
로열 루비 초콜릿 링,bread
더블 다크 초콜릿 필드,bread
퓨어 화이트 초콜릿 필드,bread
크런치 밀크 초콜릿 링,bread
크림치즈 필드,bread
초콜릿 필드,bread
로투스 비스코프 도넛,bread
리고 피넛버터 도넛,bread
미니 오리지널 글레이즈드,bread
초코홀릭,bread
초콜릿 아이스드 글레이즈드,bread
딸기와플넛,bread
초코와플넛,bread
카라멜와플넛,bread
오리지널 글레이즈드,bread
카라멜 아이스드,bread
슈거 코티드,bread
뉴욕 치즈케익,bread
파우더 스트로베리 필드,bread
글레이즈드 사워 크림,bread
글레이즈드 초콜릿 케익,bread
딸기 생크림 카스테라,bread
메론 생크림 카스테라,bread
플레인 카스테라,bread
콘 어니언 핫도그,bread
칠리앤치즈 핫도그,bread
쿠앤크 치즈케이크,bread
프렌치 초콜릿 케이크,bread
마스카포네 티라미수,bread
아메리칸 치즈케이크,bread
딸기 생크림 오믈렛,bread
딸기 초코 생크림 오믈렛,bread
초코 생크림 오믈렛,bread
순수 요거트 오믈렛,bread
청포도 생크림 오믈렛,bread
블루베리 생크림 오믈렛,bread
생크림 딸기 와플,bread
생크림 딸기 망고 와플,bread
생크림 망고 와플,bread
생크림 와플,bread
생크림 딸기 토스트,bread
생크림 망고 토스트,bread
허니볼,bread
플레인 베이글,bread
블루베리 베이글,bread
어니언 베이글,bread
갈릭치즈브래드,bread
허니브래드,bread
플레인 베이글,bread
어니언 베이글,bread
블루베리 베이글,bread
블루베리 크림치즈,bread
초코청크 크림치즈,bread
크랜베리 크림치즈,bread
허브갈릭 크림치즈,bread
플레인 크림치즈,bread
베리 까망베르 치즈 케이크,bread
라운드 쇼콜라 케이크,bread
홍차 케이크,bread
오렌지 케이크,bread
이탈리안 티라미수,bread
크로크무슈,bread
불고기 치아바타,bread
어니언 햄 모짜렐라 파니니,bread
에그베이컨 크로와상,bread
뉴욕칠리 핫도그,bread
더블초코 머핀,bread
블루베리 머핀,bread
라즈베리 요거트무스케이크,bread
바닐라품었슈,bread
딸기탑 마마츄리,bread
시나몬 멜츠 브레드,bread
리치골드브레드,bread
허니치즈퐁당마마츄리,bread
잉글리쉬머핀,bread
치즈스틱케이크,bread
고구마스틱케이크,bread
블루베리스틱케이크,bread
초코스틱케이크,bread
초코 퐁당 마마츄리,bread
블루베리 퐁당 마마츄리,bread
라즈베리 퐁당 마마츄리,bread
크로크무슈,bread
플레인베이글,bread
어니언베이글,bread
크림치즈프레즐,bread
블루베리베이글,bread
치즈번,bread
모카번,bread
초코머핀,bread
블루베리머핀,bread
플레인와플,bread
카라멜월넛와플,bread
초코와플,bread
메이플아몬드와플,bread
아이스크림와플,bread
블루베리크림치즈와플,bread
라즈베리바나나와플,bread
스페셜마마와플,bread
피넛버터브레드,bread
카라멜브레드,bread
초콜릿브레드,bread
갈릭치즈브레드,bread
떠먹는 헤이즐넛 생크림 크레이프,bread
초콜릿 크렘슈,bread
바닐라 크렘슈,bread
생크림 피칸 타르트,bread
생크림 소프트 쉬폰,bread
러브 시그널,bread
바닐라 크렘 브륄레,bread
TWG 밀크티 쉬폰,bread
더치 솔티드 카라멜,bread
떠먹는 스트로베리 초콜릿 생크림,bread
떠먹는 티라미수,bread
벨지안 가나슈,bread
떠먹는 딸기 레어 치즈,bread
떠먹는 아이스박스,bread
그뤼에르 치즈 무스,bread
트리플 초콜릿 무스,bread
스파이시 튜나 바게트,bread
에그 브리오슈,bread
애플 고다 프렌치토스트,bread
핫치킨 치아바타,bread
초리조&모짜렐라 크루아상,bread
애플&까마에르 크루아상,bread
그릴드포카치아갈릭치킨,bread
그릴드포카치아햄&치즈,bread
핫치킨베이크,bread
불고기베이크,bread
토마토모짜렐라랩,bread
시저치킨랩,bread
올리브 치킨 파니니,bread
칠리 소시지 바게트 샌드위치,bread
할라피뇨 스테이크 바게트 샌드위치,bread
레즌 스콘,bread
오리지널 스콘,bread
멜팅치즈 깜파뉴 토스트,bread
오렌지쇼콜라파운드,bread
TWG밀크티파운드,bread
햄&치즈 퀘사디아,bread
페스토 햄치즈 파니니,bread
멕시칸 파니니,bread
크로크무슈,bread
스윗버터 토스트,bread
스윗버터 토스트 위드베리,bread
바비큐 치킨 파니니,bread
더블초콜릿머핀,bread
라즈베리초코칩머핀,bread
오리지널블루베리머핀,bread
B.E.L.T 샌드위치,bread
토마토 베이컨 블루밍브레드,bread
6치즈 블루밍브레드,bread
화이트 포레스트 생크림,bread
스트로베리 초콜릿 생크림,bread
딸기 생크림,bread
마스카포네 티라미수,bread
레드 벨벳,bread
뉴욕 치즈,bread
그뤼에르 치즈 무스,bread
퀸즈 캐롯,bread
벨지안 멜팅 가나슈,bread
비 마이 스트로베리,bread
비 마이 민트,bread
리얼 생크림 ,bread
블랙 벨벳,bread
카푸치노 생크림,bread
러브 시그널,bread
바닐라 크렘 브륄레,bread
로즈베리 생크림,bread
TWG 밀크티 쉬폰,bread
더치 솔티드 카라멜,bread
까망베르 치즈,bread
요거 생크림 ,bread
믹스드베리 초콜릿 생크림,bread
요거 생크림 ,bread
트리플 초콜릿 무스,bread
블랙 포레스트,bread
클래식 가토,bread
초코 쉬폰,bread
장미 요거 생크림,bread
블루베리 쉬폰,bread
스트로베리 초콜릿 생크림 파티팩,bread
프렌지 허니 크레이프 파티팩,bread
생크림 피칸 타르트,bread
딸기 레어 치즈 파티팩,bread
아이스박스 파티팩,bread
티라미수 파티팩,bread
요거하트,bread
치즈 수플레 미니케익,bread
더블 프로마쥬 케익,bread
리얼 다크 타르트,bread
까사링고 레몬,bread
까사링고 티라미수,bread
수플레 치즈케익,bread
초코 밀크푸딩무스,bread
리치 가나슈 케익,bread
오리지널 티라미수 컵,bread
레드벨벳 케익,bread
스윗 마운틴,bread
쇼콜라 스퀘어,bread
스트로베리 스퀘어,bread
레몬 크레이프,bread
딸기 크레이프,bread
티라미수 크레이프,bread
블랙쿠키 치즈케익,bread
버라이어티 치즈 포카챠,bread
화이트 트러플 오일 크로크무슈,bread
스크램블 햄 에그,bread
스크램블 베이컨 에그,bread
파니니 이탈리안 치킨,bread
파니니 햄&머쉬룸,bread
파니니 클래식,bread
파니니 불고기,bread
파니니 풀드포크,bread
이탈리안 포카챠,bread
햄치즈 피아디나,bread
햄&코울슬로 샌드위치,bread
BLT 샌드위치,bread
햄치즈 크라상 샌드위치,bread
치킨 살사 랩 샌드위치,bread
플레인 스콘,bread
이탈리안 팡도르,bread
정통 크라상,bread
애플파이,bread
미니 푀이테,bread
옥수수 스콘,bread
크랜베리 스콘,bread
블루베리 머핀,bread
블랙쿠키 머핀,bread
더블 치즈 브레드,bread
에그 타르트,bread
티라미수 타르트,bread
콰트로 치즈 타르트,bread
허니브레드+생크림,bread
허니브레드+젤라또,bread
애플 시나몬 허니 브레드,bread
몽블랑 데니쉬,bread
퀸아망,bread
마카다미아 데니쉬,bread
레몬얼그레이 우드파운드,bread
피칸시나몬 우드파운드,bread
레몬마들렌,bread
브라우니 피칸&초코,bread
파스쿠찌 슈케트,bread
콰트로 치즈 파운드,bread
마들렌,bread
프랑보아즈 피낭시에,bread
피낭시에,bread
미니 바움쿠헨,bread
쉘카라멜,bread
브래드스틱,bread
치즈스틱,bread
베이컨치즈스틱,bread
더블초코칩브라우니,bread
와규 에디션2,bread
더블X2,bread
모짜렐라 인 더 버거 - 베이컨,bread
AZ버거 오리지널,bread
모짜렐라 인 더 버거 - 더블,bread
모짜렐라 인 더 버거 - 해쉬,bread
원조빅불,bread
핫크리스피버거,bread
불고기버거,bread
오징어버거,bread
새우버거,bread
치킨버거,bread
T-REX 버거,bread
비프바베큐버거,bread
클래식 치즈버거,bread
데리버거,bread
모짜 더블 토스트,bread
모짜 초코 토스트,bread
크림치즈 프레즐,bread
페스츄리 소시지,bread
치즈 타르트,bread
매콤 치킨 브리또,bread
바질&토마토 크림치즈 베이글,bread
튜나 샐러드 샌드위치,bread
바닐라 아이스크림 와플,bread
그린티 아이스크림 와플,bread
생딸기 스노우 와플,bread
생크림 카스테라,bread
인절미 토스트,bread
비프 & 에그 샌드위치,bread
바질토마토&치킨 샌드위치,bread
할라피뇨 치킨 샌드위치,bread
카라멜 아이스크림 와플,bread
카야 토스트,bread
크로크무슈,bread
베리 브레드,bread
스틱 치즈 케익,bread
허니브레드,bread
월넛 크림치즈 베이글,bread
메이플 크림치즈 베이글,bread
플레인 와플,bread
브라우니,bread
매콤 소시지 불고기 베이크,bread
소시지 불고기 베이크,bread
쫄깃 레드빈 브레드,bread
치킨 그랩 브레드,bread
녹차 머핀,bread
다크 초콜릿 칩 머핀,bread
제주 감귤 머핀,bread
블루베리 베이글,bread
월넛 크림 치즈 베이글,bread
호두 크림치즈 베이글,bread
DT_스콘 스틱,bread
미니 클래식 스콘,bread
카카오 초콜릿 스콘,bread
클래식 스콘,bread
DT_파마산 스틱,bread
거문 오름 크루아상,bread
레몬&그린티 패스트리,bread
리프 파이,bread
바게트 버터&잼,bread
베이컨 치즈 데니쉬,bread
스위트 시나몬 브리오슈,bread
올리브 베이컨 플랫 브레드,bread
우도 땅콩 데니쉬롤,bread
우리 대감 쌀빵,bread
우리 쑥쑥 쌀식빵,bread
체다치즈 먹물 쌀식빵,bread
초콜릿 롤링 크루아상,bread
초콜릿 크런치 볼,bread
치즈 데니쉬,bread
프렌치 크루아상,bread
하트 파이,bread
현무암 포카치아,bread
리얼 피칸 타르트,bread
클라우드 초콜릿 케이크,bread
7 레이어 가나슈 케이크,bread
DT밀당 케이크_듀오,bread
DT밀당 케이크_레드 벨벳,bread
DT밀당 케이크_촉촉 초코,bread
구운 바나나 케이크,bread
레드벨벳 크림치즈 케이크,bread
리코타 멜팅 치즈 케이크,bread
마스카포네 티라미수 케이크,bread
밀크티 초콜릿 케이크,bread
바나나 피칸 파운드,bread
부드러운 생크림 카스텔라,bread
블랙 쿠키 치즈 케이크,bread
블루베리 쿠키 치즈 케이크,bread
애플 시나몬 크럼블,bread
유자 담은 티라미수,bread
제주 감귤 치즈 케이크,bread
초콜릿 데블스 케이크,bread
초콜릿 페스티벌 케이크,bread
크레이프 치즈 케이크,bread
클라우드 치즈 케이크,bread
호두 당근 케이크,bread
당근 현무암 케이크,bread
라임라임 타르트,bread
제주 녹차 티라미수 아일랜드,bread
체커스 케이크,bread
티라미수 아일랜드,bread
피스타치오 파운드,bread
촉촉 초콜릿 생크림 케이크,bread
티라미수 볼,bread
베리베리 바움쿠헨,bread
초콜릿 벨벳 케이크,bread
블루베리 쿠키 치즈 케이크,bread
세븐 레이어 가나슈 케이크,bread
청담스타 얼 그레이 밀크 케이크,bread
청담스타 오 허니 케이크,bread
크레이프 에멘탈 치즈 케이크,bread
피칸 브라우니,bread
헤븐리 티라미수,bread
베이컨 치즈 토스트,bread
치킨 커틀렛 아보카도 샌드위치,bread
B.E.L.T. 샌드위치,bread
DT밀당 샌드위치_바질 모짜렐라,bread
DT밀당 샌드위치_베이컨 크림치즈,bread
그릴드 베지터블 파니니,bread
뉴 비프 브리또,bread
단호박 에그 샌드위치,bread
머쉬룸 치즈 클럽 샌드위치,bread
멕시칸 브리또 밀 박스,bread
모짜렐라 베이컨 샌드위치,bread
바비큐 치킨 치즈 치아바타,bread
바비큐 치킨 파니니,bread
바질 치킨 바게트,bread
베이컨 과카몰리 샌드위치,bread
베이컨 치즈 치아바타 모닝박스,bread
볼케이노 샌드위치,bread
스리라차 치킨 치아바타,bread
어니언 베이컨 체다치즈 파니니,bread
에그 베이컨 치즈 백년초 베이글,bread
에그 베이컨 파니니,bread
에그 아보카도 파니니,bread
에그에그 샌드위치,bread
잉글리쉬 머핀 밀 박스,bread
제주 녹차 베이컨 치즈 베이글,bread
제주 당근 크림치즈 샌드위치,bread
제주 흑돼지 초리조 먹물 샌드위치,bread
치킨 루꼴라 샌드위치,bread
치킨 아보카도&치즈 파니니,bread
크랜베리 치킨 치즈 샌드위치,bread
크로크 무슈,bread
탄두리 치킨 샌드위치,bread
탄두리 치킨 토마토 샌드위치,bread
터키 멜팅 치즈 샌드위치,bread
포크 커틀릿 샌드위치,bread
햄 에그 크레페 밀 박스,bread
햄&루꼴라 올리브 샌드위치,bread
햄&치즈 에그 머핀,bread
현무암 크로크무슈,bread
먹물치즈 라이스 비스코티,bread
탐라 비스코티,bread
현무암 러스크,bread
우리米 카스텔라,bread
카라멜 와플,bread
오리지널 프레즐,bread
아몬드 프레즐,bread
시나몬 슈가 프레즐,bread
갈릭 프레즐,bread
어니언 프레즐,bread
페퍼로니 프레즐,bread
할라피뇨 치즈 프레즐,bread
애플 플랫프레즐,bread
치킨 플랫프레즐,bread
오리지널스틱,bread
아몬드스틱,bread
시나몬 슈가 스틱,bread
크림치즈 스틱,bread
아몬드 크림치즈 스틱,bread
어니언스틱,bread
갈릭스틱,bread
벚꽃크림치즈스틱,bread
고구마크림치즈스틱,bread
아몬드모카크림치즈스틱,bread
아몬드고구마크림치즈스틱,bread
핫도그,bread
할라피뇨 치즈 핫도그,bread
블랙페퍼 치즈 핫도그,bread
라이언 미니케이크,bread
어피치 미니케이크,bread
튜브 미니케이크,bread
크루아상,bread
갈릭 치즈 브레드,bread
떠먹는 티라미수,bread
데블스 초코 케이크,bread
초코 티라미수,bread
수플레 치즈 케이크,bread
소고기 브리또,bread
핫치킨 브리또,bread
생크림 티라미수빵,bread
생크림 팥빵,bread
허니 카라멜 브레드,bread
메이플 넛 브레드,bread
생크림 와플,bread
플레인 와플,bread
크림치즈 와플,bread
메이플 와플,bread
크로크 무슈,bread
잉글리쉬 머핀,bread
오리지널 핫 번,bread
핫 치즈 번,bread
소시지롤,bread
치즈롤,bread
프레즐,bread
플레인 베이글,bread
어니언 베이글,bread
블루베리 베이글,bread
이디야 티라미수,bread
블루베리 치즈 스틱케익,bread
플레인 치즈 스틱케익,bread
크림치즈 머핀,bread
초코칩 머핀,bread
블루베리 머핀,bread
치즈브래드 스틱,bread
고구마브래드 스틱,bread
사라다빵,bread
소제지빵,bread
계란사라다빵,bread
생크림 크루아상,bread
블루베리 초코칩 스콘,bread
초코 후르츠 머핀,bread
오렌지 머핀,bread
크로크무슈,bread
크림 치즈 머핀,bread
플레인 베이글,bread
치즈 베이글,bread
쌀 블루베리 베이글,bread
햄 치즈 포카치아,bread
햄 치즈 잉글리쉬 머핀,bread
떠먹는 레드벨벳,bread
떠먹는 티라미수,bread
헤이즐넛초코케익,bread
다크초코롤,bread
시카고 치즈 케익,bread
초콜릿 무스 케익,bread
까망베르 치즈 타르트,bread
티라미수 큐브,bread
쁘띠 까망베르 치즈 케익,bread
생크림 카스테라,bread
밀크레이프,bread
티라미수 크레이프,bread
에그 베이컨 브리오쉬,bread
루꼴라&햄 페스토 샌드위치,bread
크랜베리 아몬드 치킨 샌드위치,bread
B.E.L.T 샌드위치,bread
모짜렐라 치킨 머쉬룸 샌드위치,bread
매콤 치킨 치즈 샌드위치,bread
에그 잼 사라다 샌드위치,bread
에그 햄 치즈 베이글,bread
휘낭시에,bread
오리지널 카쉬,bread
레드벨벳 카쉬,bread
코코넛 카쉬,bread
초코 카쉬,bread
멜론 케이크,bread
워터멜론 케이크,bread
크림 베리 케이크,bread
마스카포네 티라미수 케이크,bread
프리미엄 머쉬룸 베이컨 샌드위치,bread
프리미엄 치킨 샌드위치,bread
모짜렐라 치즈 포카치아,bread
핑크 베리 토르테,bread
크림 치즈 캐롯 케익,bread
베리 팬케익,bread
스위트 팬케익,bread
화이트쇼콜라,bread
에그&베이컨 샌드위치,bread
햄치즈샌드위치,bread
초코크림크로와상,bread
갈릭파이,bread
큐브 달콤 브레드,bread
크로크마담,bread
크로크무슈,bread
메이플피칸,bread
아이스크림와플,bread
플레인와플,bread
클래식 클럽 샌드위치,bread
어니언 베이글,bread
플레인 베이글,bread
오리지날 번,bread
뉴욕 치즈 케이크,bread
허니버터 크리스피볼,bread
메이플 허니브레드,bread
갈릭치즈 크리스피볼,bread
갈릭치즈 허니브레드,bread
페퍼로니 치즈 바게트,bread
미트볼 칠리 치즈,bread
명란 에그 마요,bread
당근 크림치즈 라운드,bread
인절미 크림 쉬폰 라운드,bread
아이스크림 사과 타르트,bread
쌀 촉촉 카스테라,bread
아이스크림 꽂힌 티라미스,bread
블루베리 마스카포네 라운드,bread
단호박 치즈 라운드,bread
페스토 햄 모짜렐라,bread
올리브 베이컨 치아바타,bread
오트밀 치킨 할라피뇨,bread
에그 마요,bread
더블 베리 치즈 라운드,bread
더블 초코 라운드,bread
딸기 갸토 쇼콜라,bread
리얼벨지안 초코케익,bread
마스카포네 티라미스,bread
뉴욕치즈,bread
초코쿠키 파운드케익,bread
얼그레이 파운드케익,bread
햄치즈 데니쉬식빵,bread
갈릭 데니쉬식빵,bread
크로크무슈,bread
스위트콘 에그데니쉬,bread
베이컨 에그 데니쉬,bread
초코칩 스콘,bread
크랜베리 스콘,bread
데니쉬 와플,bread
치즈 퐁듀 바게트볼,bread
초콜릿 카라멜 바게트볼,bread
허니바게트볼,bread
머쉬룸 수프볼,bread
블루베리 크림치즈 머핀,bread
치즈베이글&크림치즈,bread
플레인 베이글&크림치즈,bread
블루베리 베이글&크림치즈,bread
콘 소시지,bread
소시지 치즈 롤,bread
콘 치즈,bread
슈크림 브레드,bread
고구마 치즈 브레드,bread
크로크무슈,bread
허니 갈릭 부기브레드,bread
스윗 칠리 부기브레드,bread
미니 허니브레드 _ 플레인,bread
미니 허니브레드 _ 초코,bread
미니 허니브레드 _ 카라멜,bread
미니 허니브레드 _ 녹차,bread
컬러 베이글,bread
버터 카야 토스트,bread
카야토스트,bread
블루베리 토스트,bread
크림치즈 프레즐,bread
오리지널 핫도그,bread
어니언 핫도그,bread
렐리쉬 핫도그,bread
화이트 렐리쉬 핫도그,bread
할리피뇨치즈 핫도그,bread
시카고 핫도그,bread
칠리치즈 핫도그,bread
튜나마요 핫도그,bread
페퍼로니 핫도그,bread
어니언링 핫도그,bread
스파이스치킨 핫도그,bread
치즈불고기 핫도그,bread
고르곤졸라 핫도그,bread
치킨텐더 핫도그,bread
크림치즈 프레즐,bread
벨지움 와플,bread
플레인 베이글,bread
흑당소보루,bread
자꾸 생각나는 갈릭바게뜨,bread
흑당 가득 품은 호떡,bread
베사멜버섯치즈빵,bread
새우감자봉,bread
썸머 초코바나나번,bread
토종효모 호두브레드,bread
강원도 찰옥수수소보루크림빵,bread
초코 왕소라빵 플러스,bread
미니 통밀후르츠 브레드,bread
토종효모 참깨브레드,bread
단팔 소보루빵 플러스,bread
시나몬롤식빵,bread
미니 올리브 브레드,bread
블루베리파이,bread
후레쉬크림샌드빵,bread
무설탕 멀티그레인 토스트,bread
크림치즈시나몬롤,bread
골든스윗토스트,bread
꽃맛살고로케,bread
꿀슈크림빵,bread
명품 잡채고로케,bread
몬스터 치즈번,bread
찰진 호박 찜케익,bread
64겹 골든페스츄리,bread
오리엔탈 치킨봉,bread
토종효모 통밀가득 로만밀브레드,bread
크림치즈롤파이,bread
모닝바게뜨,bread
미니크라상,bread
옛날 왕슈크림도넛,bread
건포도 토종효모빵,bread
토종효모 참 부드러운 생크림 식빵,bread
포켓샌드 사과,bread
그린티 본델리슈,bread
뽀드득 그릴 소시지,bread
치즈파니니,bread
돌돌 말린 소시지도넛,bread
플레인 베이글,bread
데니쉬식빵,bread
스위트 밀크식빵,bread
모닝토스트,bread
야채빵,bread
사각피자빵,bread
찹쌀도넛,bread
모찌모찌 치즈스틱,bread
크림치즈찹쌀도넛,bread
아몬드모닝,bread
오리지널머핀,bread
정통크라상,bread
블루베리머핀,bread
찹쌀페스츄리도넛,bread
크림치즈곡물페스츄리,bread
소시지조리빵,bread
블루베리베이글,bread
꽈배기도넛,bread
치즈 인 치즈,bread
통곡물브레드,bread
토종효모 우리쌀 식빵,bread
초코칩트위스트,bread
미니 통밀 후르츠 브레드,bread
토종효모 호두 호밀식빵,bread
바게뜨,bread
미니찹쌀도넛,bread
블루베리크림치즈페스츄리,bread
별난고구마찰스틱,bread
크로크무슈,bread
토종효모 단호박검은깨식빵,bread
토종효모 옥수수 식빵,bread
초코츄잉스타,bread
미니초코칩트위스트,bread
햄에그 고로케,bread
초코소보루빵,bread
목초란으로 만든 핑거스틱,bread
추억의 소시지빵,bread
쏘야고로케,bread
단팥크림 코팡,bread
144겹 파이만주,bread
까망베르 치즈후레쉬번,bread
치즈소시지페스츄리,bread
갈릭페스츄리식빵,bread
부드러운 연유브레드,bread
딸기에 물든 치즈달,bread
순수秀우유크림빵,bread
포켓샌드딸기요거티,bread
포켓샌드 땅콩,bread
고구마건포도롤,bread
크림치즈호두빵,bread
밤롤브레드,bread
커피번,bread
우리찹쌀 모카 찰떡빵,bread
구름크림빵,bread
모카빵,bread
초코소라빵,bread
땅콩크림빵,bread
모카크림빵,bread
단팥빵,bread
소보루빵,bread
골든 크림 메론빵,bread
맘모스브레드,bread
구운부추만두빵,bread
단팥빵 플러스,bread
화이트 치즈볼,bread
바나나 컵케익,bread
슈크림빵,bread
완두앙금빵,bread
찹쌀앙금빵,bread
코코넛 초코볼,bread
카스테라구마,bread
스트로베리 요거트무스,bread
스트로베리 요거트무스 케이크,bread
키즈스토리 케이크,bread
바스크 치즈케이크,bread
리얼캐롯,bread
러브러브초코,bread
꽃밭에서 붕붕벌,bread
리얼캐롯 케이크,bread
마카롱쇼콜라,bread
스페셜,bread
에뚜아르쇼콜라,bread
축하,bread
스트로벨벳치즈케이크,bread
카카오초코앤딸기,bread
까망베르&초코브라우니,bread
벨기에 밀크쇼콜라,bread
딸기&치즈케이크,bread
벨기에밀크쇼콜라 ,bread
벨기에 화이트초코,bread
호두아몬드커플,bread
스트로베리 서프라이즈,bread
호두아몬드파티,bread
순수秀우유케이크,bread
내가찾던 카페모카 커플,bread
가나슈 조각케이크,bread
내가찾던 카페모카 가족,bread
초코반딸기반케이크,bread
마이넘버원2,bread
블루베리요거트 듬뿍,bread
티라미수 오리지날레,bread
블루밍러브케이크,bread
가나슈생크림 조각케이크,bread
초코앤화이트마블쉬폰,bread
치즈 조각케이크,bread
촉촉하고부드러운초코쉬폰,bread
딸기요거트케이크,bread
라인프렌즈 브라운,bread
블루베리요거트 조각케이크,bread
쿠키앤크림케이크,bread
무지개와 노래하는 뽀로로,bread
라인프렌즈 코니,bread
베리베리 생크림 조각케이크,bread
블루베리쉬폰,bread
꼬마버스 타요,bread
체크무늬 조각케이크,bread
행복해 티라미수케이크,bread
딸기마카롱 케이크,bread
노래하는 뽀로로와 친구들,bread
미니치즈케이크,bread
치즈케이크,bread
밤&자색고구마케이크,bread
부드러운호박고구마 조각케이크,bread
고구마케이크,bread
부드러운호박고구마 케이크,bread
부드러운 녹차고구마,bread
브라운과 코니의 하트시그널,bread
리얼 쁘띠 블루베리 쉬폰,bread
포도 카스텔라,bread
초코파운드케익,bread
피크닉롤,bread
제주 녹차 롤케익,bread
플레인스콘,bread
실키롤케익,bread
콰트로 치즈 스콘,bread
호두파운드케익,bread
앙버터 스콘,bread
정통 파운드케익,bread
미니 흑당 카스테라,bread
무지개 카스테라,bread
호두파이,bread
흑당 라떼 카스테라,bread
산딸기 듬뿍 롤케익,bread
마블 케이크,bread
카페모카롤케익,bread
카페모카 케이크,bread
엔젤 케이크,bread
미스 베어,bread
미니바움쿠헨,bread
쉬림프 토마토 포카챠,bread
에그포테이토샌드위치,bread
햄치즈 잉글리쉬 머핀,bread
바싹 불고기포카챠,bread
토마토를 올린 햄치즈크라상,bread
호밀 샌드위치,bread
트러플오일 크로크무슈,bread
크랜베리 치킨호밀샌드위치,bread
에그샐러드샌드위치,bread
디럭스 샌드위치,bread
또띠아 치킨텐더 샌드위치,bread
햄&코올슬로 샌드위치,bread
런치 플러스 샌드위치,bread
소시지 또띠아,bread
에그쉬림프,bread
통밀 디럭스샌드위치,bread
와사비크랩볼,bread
미니버거,bread
BLT 샌드위치,bread
매콤 닭강정 샌드위치,bread
B.E.L.T 샌드위치,bread
시저치킨 샐러드랩,bread
케이준치킨 샐러드랩,bread
통살 치킨버거,bread
햄치즈 바게뜨,bread
불고기 바게뜨,bread
치킨클럽 3단 샌드위치,bread
미니버거 믹스박스,bread
클래식 핫도그,bread
멜팅치즈 핫도그,bread
그랑데 리얼가나슈,bread
콰트로 치즈 범벅 타르트,bread
후레쉬슈,bread
리얼가나슈,bread
크림치즈&인절미 타르트,bread
도라야끼,bread
티라미수 타르트,bread
호두듬뿍타르트,bread
보스턴 브라우니 타르트,bread
조각호두파이,bread
롱스틱파이,bread
에디가 구워준 뽀롱뽀롱 초코 마들렌,bread
앙팡 마들렌,bread
핑크퐁 아기상어 요거트케익,bread
루피가 구워준 뽀롱뽀롱 마들렌 치즈,bread
뽀로로가 좋아하는 딸기 키즈케익,bread
우유가 좋은 뽀로로케익,bread
바나나가 좋은 에디케익,bread
스테이크 & 치즈 아보카도 랩,bread
쉬림프 에그마요 랩,bread
치킨 베이컨 미니 랩,bread
베이컨 웨지 미니 랩,bread
라즈베리 치즈케익,bread
1955 버거,bread
베이컨 토마토 디럭스,bread
맥스파이시® 상하이 버거,bread
슈슈 버거,bread
빅맥®,bread
더블 1955 버거,bread
골든 에그 치즈버거,bread
그릴드 머쉬룸 버거,bread
더블 불고기 버거,bread
에그 불고기 버거,bread
불고기 버거,bread
슈비 버거,bread
더블 쿼터파운더™ 치즈,bread
쿼터파운더™ 치즈,bread
메가맥,bread
크리스피 오리엔탈 치킨버거,bread
치즈버거,bread
더블 치즈버거,bread
햄버거,bread
에그 맥머핀,bread
베이컨 에그 맥머핀,bread
소시지 에그 맥머핀,bread
베이컨 토마토 머핀,bread
소시지 맥머핀,bread
상하이 치킨 스낵랩,bread
핫케익,bread
애플 파이,bread
콘파이,bread
뉴올리언스 치킨버거,bread
BLT 뉴올리언스치킨버거,bread
더블베이컨토마토비프,bread
더블와퍼,bread
더블해쉬불고기,bread
더블트러플머쉬룸와퍼주니어,bread
롱치킨디럭스,bread
롱치킨버거,bread
BLT 롱치킨버거,bread
메가몬스터X,bread
몬스터X,bread
몬스터와퍼,bread
몬스터와퍼주니어,bread
밸런스 치킨버거,bread
베이컨치즈와퍼,bread
불고기롱치킨버거,bread
불고기버거,bread
불고기와퍼,bread
불고기와퍼주니어,bread
비프칠리통모짜X,bread
비프칠리통모짜와퍼,bread
와퍼,bread
와퍼주니어,bread
치즈버거,bread
치즈와퍼,bread
치즈와퍼주니어,bread
콰트로치즈와퍼,bread
콰트로치즈와퍼주니어,bread
통다리치킨버거,bread
BLT통다리치킨버거,bread
통모짜X,bread
통모짜와퍼,bread
통모짜와퍼주니어,bread
통새우스테이크버거,bread
통새우와퍼,bread
통새우와퍼주니어,bread
트러플 통모짜X,bread
트러플 통모짜와퍼,bread
트러플머쉬룸X,bread
트러플머쉬룸와퍼,bread
트러플머쉬룸와퍼주니어,bread
햄버거,bread
베이컨 크루아상,bread
에그 크루아상,bread
햄 크루아상,bread
살사리코버거,bread
언빌리버블버거,bread
인크레더블버거,bread
치즈베이컨버거,bread
딥치즈버거,bread
불싸이버거,bread
화이트갈릭버거,bread
디럭스불고기버거,bread
싸이버거,bread
휠렛버거,bread
햄치즈휠렛버거,bread
할라피뇨 통살버거,bread
통새우버거,bread
불고기버거,bread
에그랩,bread
베이컨에그랩,bread
휠랩,bread
징거버거,bread
타워버거,bread
트위스터,bread
징거더블다운맥스,bread
핫치즈징거버거,bread
치킨불고기버거,bread
블랙라벨폴인치즈버거,bread
블랙라벨클래식버거,bread
트리플리치오리지널버거,bread
오리지널타워버거,bread
블랙라벨에그타워버거,bread
에그타르트,bread
콘타르트,bread
뉴 비스켓,bread
스키피 피넛버터 스트로베리,bread
스키피 피넛버터 츄이스티,bread
스키피 피넛버터 먼치킨,bread
가을을 속삭이는 밤,bread
버터 올드훼션드 먼치킨,bread
노르망디 버터밀크바,bread
노르망디 버터크림필드,bread
솔티드 카라멜 필드,bread
솔티드 카라멜 앤 피넛,bread
흑당 쫄킹,bread
옥수로 잘익은 콘트위스트,bread
옥수로 맛있는 콘바이츠,bread
허쉬 초코 먼치킨,bread
올드훼션드 먼치킨,bread
먼치킨,bread
보스톤 크림,bread
올드훼션드 글레이즈드,bread
던킨 글레이즈드,bread
올리브 츄이스티,bread
카푸치노 츄이스티,bread
사랑에 빠진 하트,bread
던킨 카페모카롤,bread
허니후리터,bread
아몬드초코크런치,bread
카카오하니딥,bread
허니찹쌀스틱,bread
카카오 후로스티드,bread
스트로베리 먼치킨,bread
오리지널케익먼치킨,bread
카카오하니딥먼치킨,bread
바바리안먼치킨,bread
멀티그레인 베이글,bread
소시지 인 치즈 베이글,bread
치즈 인 치즈 베이글,bread
블루베리베이글,bread
플레인베이글,bread
스키피 피넛버터 머핀,bread
녹차 초코칩 머핀,bread
아메리칸 콘 브레드,bread
카카오팬브라우니,bread
비프칠리핫도그,bread
브리오슈핫도그,bread
페스츄리 그릴드치즈,bread
웨이크업랩,bread
페스츄리 크로크무슈,bread
치킨 머쉬룸 플랫브레드,bread
스파이시 치킨 치아바타,bread
베이컨에그 잉글리쉬머핀,bread
햄에그 잉글리쉬머핀,bread
그릭슈바인소시지로만든모짜렐라핫도그,bread
연유 버터 라우겐,bread
볼매 연유크림 브레드,bread
옥수수 범벅,bread
고메 미트볼 고로케,bread
골든 고구마 패스트리,bread
반반모스,bread
황금파이만주,bread
오리지날 뺑오레쟁,bread
바통쉬크레,bread
크리스피쇼콜라,bread
초코호두 브리오쉬,bread
흑미 찹쌀 토스트 식빵,bread
고메버터식빵,bread
통우유식빵,bread
사르르 고구마 케이크 빵,bread
생크림 만난 마롱 브레드,bread
초코칩트위스트,bread
슈크림소보로,bread
새콤달콤 유자파이,bread
생크림 듬뿍 망고 패스트리,bread
요거크림 듬뿍 블루베리 패스트리,bread
크림 듬뿍 파이슈,bread
치킨마요브레드,bread
부추잡채고로케,bread
골든피치패스트리,bread
청포도패스트리,bread
TLJ 옥수수 듬뿍 옥수수식빵,bread
소금버터빵,bread
빵속에리얼초코,bread
아몬드보스톡,bread
카라멜러스크,bread
NEW어니언소시지포카치아,bread
크림가득 인절미 브레드,bread
오리지널뺑오쇼콜라,bread
NEW단팥소보로,bread
후레쉬 크림빵,bread
호두 연유 바게트,bread
오리지널 크라상,bread
프랑보아즈 아몬드 크라상,bread
통큰양파빵,bread
퀸즈 브리오쉬 브레드,bread
핫도그패스트리,bread
오리지널 생크림 크라상,bread
스윗 갈릭킹,bread
낙엽소시지브레드,bread
동글동글순치즈,bread
카페 카야번,bread
순우유브레드,bread
뉴패스트리도넛,bread
땅콩크림밀크브레드,bread
허니밀크브레드,bread
순꿀 호떡,bread
추억의 옥수수소보로,bread
NEW 빵 속에 순치즈,bread
NEW 빵 속에 순우유,bread
순 애플링,bread
크랜베리애플크림치즈,bread
겹겹이 밀크롤인,bread
크림치즈브레드,bread
잡곡고구마찹쌀브레드,bread
메론빵,bread
NEW 블루베리 크림치즈,bread
단팥앙금롤브레드,bread
동글동글순우유롤,bread
부드러운후레쉬크림샌드빵,bread
깨찰빵,bread
호두가오독오독씹히는단팥빵,bread
땅콩크림소보로,bread
연유크림만난단팥빵,bread
초코가나슈크림빵,bread
슈크림빵,bread
단팥빵,bread
소보로빵,bread
완두앙금빵,bread
초코소라빵,bread
까까웨뜨,bread
겹겹이 치즈스틱,bread
팥과 크림이 꽉찬 크리미 단팥,bread
TLJ 옥수수식빵,bread
모카패스트리식빵,bread
호박패스트리식빵,bread
롤치즈식빵,bread
밤식빵,bread
데니쉬식빵,bread
딸기잼 듬뿍 미니식빵,bread
데일리 우유식빵,bread
열두가지 곡물식빵,bread
바로굽는 토스트식빵,bread
호박검은깨식빵,bread
깨찰도넛,bread
프리미엄단팥도넛,bread
렛츠트위스트,bread
옥수수트위스트,bread
엄마랑장볼때먹던 그때그도나쓰,bread
슈거글레이즈드도넛,bread
딸기마카롱도넛,bread
롱스틱초코도넛,bread
초코마카롱도넛,bread
바바리안크림도넛,bread
스트로베리쨈도넛,bread
깜파뉴속의리얼초코,bread
몽블랑패스트리,bread
크림치즈데니쉬,bread
NEW 파이스틱,bread
고구마파이,bread
밤패스트리,bread
에그타르트,bread
블랙올리브치즈브레드,bread
바게트토스트,bread
건포도빵,bread
순꿀 바게트,bread
프랑스바게트,bread
마늘스틱,bread
호두바게트,bread
플레인베이글,bread
블루베리베이글,bread
어니언베이글,bread
통밀빵,bread
미니치즈롤,bread
치즈듬뿍 순꿀꽃,bread
소시지카레양파빵,bread
미니데니쉬,bread
사각후랑크패스트리,bread
감자 베이컨 롤,bread
추억의 사라다 고로케,bread
트윈에그브레드,bread
피자토스트,bread
폭신폭신모닝롤,bread
후랑크패스트리,bread
사르르 초코 생크림 쉬폰,bread
우리유자 롤케이크,bread
볼빨간 사과 생크림,bread
부드러운 고구마 라떼 케이크,bread
크레이프 케이크,bread
바닐라 초코 하트,bread
떠먹는 쿠키앤크림 볼,bread
러브 블루베리 케이크,bread
클래식모카케이크,bread
흑당 카스테라,bread
사르르~ 생크림 쉬폰,bread
생크림케이크,bread
생크림케이크,bread
생크림케이크,bread
생크림케이크,bread
오!해피 복숭아 케이크,bread
채석장에 간 띠띠뽀와 디젤,bread
브라우니 쿠키샌드,bread
띠띠뽀의 기차마을,bread
클래식 롤케이크,bread
클래식 딸기잼 롤케이크,bread
블루베리 더블크림 롤케이크,bread
그랑드카페모카 롤케이크,bread
더블초코 롤케이크,bread
제주첫물녹차 롤케이크,bread
허니월넛 롤케이크,bread
달콤 밤만주,bread
우리 유자 카스테라,bread
생크림케이크,bread
생크림케이크,bread
생크림케이크,bread
클래식 파운드,bread
호두 파운드,bread
클래식 카스테라,bread
제주 첫물녹차 카스테라,bread
생크림케이크,bread
생크림케이크,bread
초코쉬폰,bread
그린티쉬폰,bread
블루베리쉬폰,bread
초코생크림케이크,bread
초코생크림케이크,bread
블루베리하트케이크,bread
생크림케이크,bread
생크림케이크,bread
초코쉬폰,bread
그린티쉬폰,bread
블루베리쉬폰,bread
초코생크림케이크,bread
요거딸기생크림케이크,bread
순매직베리케이크,bread
순매직딸기케이크,bread
스윗소원상자,bread
티라미수 타르트,bread
유자 치즈 케이크,bread
클라우드 쉬폰,bread
까망쿠키 치즈케이크,bread
스트로베리 치즈 스퀘어,bread
골든애플롤,bread
수플레치즈타임,bread
즐거운 초코바나나 케이크,bread
초코 골드 레이어 케이크,bread
크림치즈타르트,bread
쁘띠 복숭아 케이크,bread
클라우드 스트로베리 치즈케이크,bread
쇼콜라 갸또,bread
트윙클 초코별 케이크,bread
더블 초코 스퀘어,bread
러브 브라우니 초코케이크,bread
고구마 케이크,bread
엔젤 프레즈 쉬폰,bread
모찌모찌 그린티,bread
쇼콜라더롤라운드케이크,bread
티라미수롤,bread
곰돌이와함께하는파티케이크,bread
클래식치즈케이크,bread
마스카포네티라미수,bread
아이스박스케이크,bread
케이크속에순우유,bread
고구마티라미스를만나다,bread
사랑을전하는가나슈케익,bread
달콤화이트초코케익,bread
순우유딸기무스,bread
스위트러브초코,bread
호두파이,bread
생크림케이크,bread
티라미슈,bread
딸기티라미슈,bread
클래식치즈케이크,bread
생크림케이크,bread
생크림케이크,bread
달콤화이트초코케이크,bread
러브스트로베리케이크,bread
하트앤하트케이크,bread
러브앤초코케이크,bread
로맨틱홀리데이,bread
클래식녹차케이크,bread
달콤밀크초코케익,bread
생크림케이크,bread
생크림케이크,bread
생크림케이크,bread
생크림케이크,bread
다크초코스퀘어,bread
우리쌀케익,bread
카페플라워,bread
천사가전하는달콤초코하트케이크,bread
하트를듬뿍담은쇼콜라스퀘어,bread
초코패밀리케익,bread
클래식녹차케이크 피스,bread
마스카포네티라미수피스,bread
디어마이프린세스,bread
뚜레쥬르 휭거마드레느,bread
미니호두파이,bread
녹차카스테라,bread
허니 카스테라,bread
부드러운 카스테라,bread
베이비슈,bread
쁘띠치즈머핀,bread
쁘띠초코머핀,bread
리얼브라우니,bread
떠먹는 쁘띠 티라미수,bread
맛있게 뜯어먹는 순우유 쉬폰,bread
BBQ 치킨 치아바타,bread
쉬림프카츠 샌드위치,bread
추억의 옛날토스트,bread
프리미엄 매콤 치킨버거,bread
통밀 크랜베리치킨 샌드위치,bread
단호박 새송이 샌드위치,bread
크랜베리치킨패스트리,bread
치즈어니언치킨샌드위치,bread
단호박 호두강정 샌드위치,bread
통밀 크랜베리치킨 & 단호박 호두강정 샌드위치,bread
단호박 호두강정 & 뉴통밀후레쉬 샌드위치,bread
크랜베리치킨 & 아삭햄치즈 패스트리,bread
베이컨에그브리오쉬,bread
스크램블에그브리오쉬,bread
그릴드 떡갈비 샌드위치,bread
브레드 브륄레,bread
햄치즈 토스트,bread
치킨 클럽 퀘사디아,bread
치킨텐더 밸런스 랩,bread
바질치킨 통밀 샌드위치,bread
브리치즈 크라상 샌드위치,bread
싱그러운 치킨텐더 그린 랩,bread
비프 불고기 샌드위치,bread
리얼미트 칠리핫도그,bread
몬테 크리스토,bread
프리미엄 크래미샌드위치,bread
로제치킨 밸런스 샌드위치,bread
에그쉬림프 샌드위치,bread
NEW 시그니쳐샌드위치,bread
맛살 프레쉬 샌드위치,bread
감자&맛살 2 IN 1,bread
B.E.L.T 샌드위치,bread
햄&포테이토샐러드 샌드위치,bread
에그& 감자 사라다 샌드위치,bread
통밀 후레쉬 샌드위치,bread
함박미니버거샌드위치,bread
햄치즈&에그샐러드샌드위치,bread
TLJ치킨클럽샌드위치,bread
손보다 빅버거,bread
바베큐 치킨마요 롤피자,bread
치즈가득크로크무슈,bread
핫 오믈렛 라이스머핀,bread
어니언 햄 & 치즈 베이글 샌드위치,bread
헬로우 미키미니,bread
핫도그,bread
초코무스케익,bread
치즈케익,bread
카라멜크로넛,bread
치즈 스틱케이크,bread
초코 스틱케이크,bread
레드벨벳 스틱케이크,bread
캐롯 스틱케이크,bread
코코넛망고 케이크,bread
그린파라다이스 케이크,bread
스윗체리초코 케이크,bread
딸기마니아 케이크,bread
초코무스 케이크,bread
초코티라미수,bread
수플레치즈 케이크,bread
블루베리 요거트 케이크,bread
까망베르크런치 케이크,bread
돌체티라미수,bread
뉴욕치즈 케이크,bread
오레오크림치즈 케이크,bread
당근파운드 케이크,bread
다크초코 롤케익,bread
스윗밀크 롤케익,bread
블루베리 롤케익,bread
블루베리 크레이프 케익,bread
딸기 크레이프 케익,bread
밀크 크레이프 케익,bread
초코스콘,bread
플레인스콘,bread
잉글리쉬머핀,bread
건포도 스콘,bread
모카번,bread
블루베리머핀,bread
치즈머핀,bread
오리지널 매콤치즈 핫도그,bread
오리지널 치즈 핫도그,bread
블루베리 베이글,bread
어니언 베이글,bread
치즈 베이글,bread
플레인 베이글,bread
크림치즈 프렛즐,bread
허니버터볼,bread
갈릭브레드,bread
허니버터브레드,bread
크로크무슈,bread
햄에그 치아바타,bread
불고기 치아바타,bread
치킨먹물 치아바타,bread
치킨브리또,bread
소시지브리또,bread
불고기브리또,bread
불고기베이크,bread
소세지 프레즐,bread
매실,fruit
귤,fruit
머루,fruit
포도,fruit
귤,fruit
망고,fruit
머루,fruit
복분자,fruit
오렌지,fruit
포도,fruit
감,fruit
곶감,fruit
구기자,fruit
구아바,fruit
구즈베리,fruit
귤,fruit
금귤,fruit
다래,fruit
대추,fruit
대추야자,fruit
두리안,fruit
딸기,fruit
라임,fruit
라즈베리,fruit
람부탄,fruit
레몬,fruit
롱안,fruit
리치,fruit
망고,fruit
망고스틴,fruit
매실,fruit
멜론,fruit
모과,fruit
무화과,fruit
바나나,fruit
배,fruit
배즙,fruit
버찌,fruit
복숭아,fruit
블랙커런트,fruit
블루베리,fruit
비파,fruit
사과,fruit
산수유,fruit
살구,fruit
석류,fruit
수박,fruit
아로니아,fruit
아보카도,fruit
애플수박,fruit
앵두,fruit
엘더베리,fruit
오디,fruit
오미자,fruit
용과,fruit
유자,fruit
으름,fruit
자두,fruit
자몽,fruit
잭프루트,fruit
참외,fruit
체리,fruit
크랜베리,fruit
키위,fruit
탱자,fruit
파인애플,fruit
파파야,fruit
패션프루트,fruit
포도,fruit
꾸지뽕,fruit
딸기,fruit
바나나,fruit
블랙베리,fruit
산딸기,fruit
플럼코,fruit
간짜장,noodle
달걀라면,noodle
떡라면,noodle
라면,noodle
막국수,noodle
메밀국수,noodle
물냉면,noodle
미트볼 토마토 스파게티,noodle
바지락칼국수,noodle
볶음우동,noodle
비빔국수,noodle
비빔냉면,noodle
수제비,noodle
우동,noodle
잔치국수,noodle
쟁반국수,noodle
짜장면,noodle
짬뽕,noodle
쫄면,noodle
칼국수,noodle
콩국수,noodle
회냉면,noodle
토마토파스타,noodle
까브로나라파스타,noodle
알리오올리오파스타,noodle
미트소스파스타,noodle
볼로네즈,noodle
포도도로,noodle
까르보나라,noodle
치킨까르보나라,noodle
매운까르보나라,noodle
불닭까르보나라,noodle
볼로네즈,noodle
우동사리,noodle
라면사리,noodle
쉬림프 로제 파스타,noodle
자이언트 미트볼 파스타,noodle
트러플 크림 파스타,noodle
장칼국수,noodle
명란파스타,noodle
콰트로 치즈 빠네 파스타,noodle
바질 크림 빠네 파스타,noodle
콰트로 맥앤치즈,noodle
<더 이지>동경규동,noodle
들깨 크림 파스타,noodle
<구구스>닭칼국수,noodle
우삼겹 치즈쫄면,noodle
대패삼겹 불냉면,noodle
간자장,noodle
굴짬뽕,noodle
기스면,noodle
김치라면,noodle
김치우동,noodle
냉김치말이국수,noodle
닭칼국수,noodle
둘깨칼국수,noodle
막국수,noodle
삼선우동,noodle
삼선자장면,noodle
삼선짬뽕,noodle
쌀국수,noodle
열무김치국수,noodle
열무냉면,noodle
오일소스스파게티,noodle
올갱이국수,noodle
울면,noodle
자장면,noodle
짬뽕라면,noodle
치즈라면,noodle
크림소스스파게티,noodle
토마토소스스파게티,noodle
해물칼국수,noodle
해물크림소스스파게티,noodle
해물토마토소스스파게티,noodle
화이트 크림 스파게티,noodle
NEW 치즈 볼로네즈 스파게티,noodle
크림치킨파스타,noodle
상하이쉬림프파스타,noodle
리치치즈파스타,noodle
오븐치즈 베이컨 크림스파게티,noodle
오븐치즈 미트 스파게티,noodle
쉬림프 까르보나라,noodle
치즈스파게티,noodle
로제치즈오븐스파게티,noodle
치즈오븐스파게티,noodle
까르보나라스파게티,noodle
모짜렐라오븐파스타,noodle
베이컨크림파스타,noodle
불갈비파스타,noodle
미트소스파스타,noodle
콘길리에 파스타,noodle
치즈까르보나라 스파게티,noodle
오븐스파게티,noodle
치즈오븐스파게티,noodle
미트스파게티,noodle
치즈오븐스파게티,noodle
고구마스파게티,noodle
치즈오븐스파게티,noodle
치킨스파게티,noodle
핫칠리스파게티,noodle
까르보나라스파게티,noodle
치킨 로제 파스타,noodle
모짜렐라 토마토 파스타,noodle
치즈 오븐 스파게티,noodle
고구마 오븐 스파게티,noodle
케이준 오븐 스파게티,noodle
치즈그라틴스파게티,noodle
불고기치즈스파게티,noodle
크림스파게티,noodle
푸실리 스파게티,noodle
닭죽,porridge
쇠고기죽,porridge
오리고기죽,porridge
전복죽,porridge
채소죽,porridge
팥죽,porridge
호박죽,porridge
흑임자죽,porridge
게살죽,porridge
깨죽,porridge
백합죽,porridge
소고기버섯죽,porridge
어죽,porridge
잣죽,porridge
참치죽,porridge
단팥죽,porridge
가래떡,rice_cake
깨송편,rice_cake
꿀떡,rice_cake
모듬찰떡,rice_cake
백설기,rice_cake
쑥절편,rice_cake
인절미,rice_cake
증편,rice_cake
참깨경단,rice_cake
팥시루떡,rice_cake
팥찹쌀떡,rice_cake
경단,rice_cake
기피편,rice_cake
녹두시루떡,rice_cake
무지개떡,rice_cake
꺠송편,rice_cake
콩송편,rice_cake
송편,rice_cake
수수팥떡,rice_cake
시루떡,rice_cake
쑥떡,rice_cake
절편,rice_cake
찹쌀떡,rice_cake
마떡,rice_cake
치즈마떡,rice_cake
송편,rice_cake
조랭이떡,rice_cake
백설기,rice_cake
가래떡,rice_cake
개피떡,rice_cake
꿀떡,rice_cake
무지개떡,rice_cake
백설기,rice_cake
송편,rice_cake
모싯잎송편,rice_cake
시루떡,rice_cake
절편,rice_cake
증편,rice_cake
수수떡,rice_cake
수수경단,rice_cake
찹쌀떡,rice_cake
경단,rice_cake
모듬찰떡,rice_cake
약식,rice_cake
인절미,rice_cake
찰시루떡,rice_cake
검정콩밥,rice
계란볶음밥,rice
고추김밥,rice
기장밥,rice
김밥,rice
김치김밥,rice
김치볶음밥,rice
낙지덮밥,rice
날치알김밥,rice
닭고기덮밥,rice
돈까스김밥,rice
돌솥비빔밥,rice
돼지머리국밥,rice
모듬회덮밥,rice
무밥,rice
보리밥,rice
볶음밥,rice
불고기덮밥,rice
비빔밥,rice
새우볶음밥,rice
생선모듬초밥,rice
쇠머리국밥,rice
쇠고기김밥,rice
쇠고기볶음밥,rice
쇠고기주먹밥,rice
수수밥,rice
순대국밥,rice
알밥,rice
영양돌솥밥,rice
오므라이스,rice
오징어덮밥,rice
완두콩밥,rice
유부초밥,rice
육회비빔밥,rice
잡곡밥,rice
잡채밥,rice
제육덮밥,rice
짜장밥,rice
짬뽕밥,rice
차조밥,rice
찰밥,rice
참치김밥,rice
참치마요삼각김밥,rice
참치볶음밥,rice
채소김밥,rice
채소볶음밥,rice
치즈김밥,rice
카레라이스,rice
콩나물국밥,rice
콩나물밥,rice
팥밥,rice
표고버섯볶음밥,rice
하이라이스,rice
현미밥,rice
흑미밥,rice
새우필라프,rice
불고기필라프,rice
고추장불고기 삼각김밥,rice
곤드레나물밥,rice
국밥,rice
농어초밥,rice
돼지국밥,rice
류산슬덮밥,rice
멍게비빔밥,rice
멸치주먹밥,rice
묵밥,rice
문어초밥,rice
비빔밥,rice
삼선볶음밥,rice
새우초밥,rice
새우튀김롤,rice
샐러드김밥,rice
소고기국밥,rice
소고기김밥,rice
송이덮밥,rice
숯불갈비 삼각김밥,rice
약초비빔밥,rice
연어롤,rice
연어초밥,rice
오곡밥,rice
자장밥,rice
잡탕밥,rice
장어덮밥,rice
장어초밥,rice
참치덮밥,rice
참치마요네즈 삼각김밥,rice
충무김밥,rice
캘리포니아롤,rice
한치초밥,rice
해물덮밥,rice
해물볶음밥,rice
회덮밥,rice
트러플 리조또,rice
BBQ갈비라이스,rice
베이컨 크림리조또,rice
새우리조또,rice
낙지리조또,rice
콘치즈그라탕,rice
불고기 크림 리소토,rice
클래식 햄 로제 리소토,rice
쉬림프 도리아,rice
치킨 크림 리조또,rice
스파이시 씨푸드 리조또,rice
로제 펜네 그라탕,rice
치즈 불고기 도리아,rice
채소 초밥,rice
양송이스프,soup
뿌팟퐁커리,soup
양송이스프,soup
클램차우더스프,soup
브로콜리체다수프,soup
베이크포테이토수프,soup
퀴노아팥수프,soup
오징어찌개,soup
장어탕,soup
조개된장찌개,soup
참치김치찌개,soup
청국장찌개,soup
추어탕,soup
콩나물된장찌개,soup
콩비지찌개,soup
해물매운탕,soup
햄김치찌개,soup
호박고추장찌개,soup
담양청국장,soup
해물순두부찌개,soup
제육자글이찌개,soup
돼지고기김치찌개,soup
우삼겹된장찌개,soup
햄가득부대찌개,soup
통오징어찌개,soup
우렁된장찌개,soup
밀푀유나베,soup
불고기전골,soup
소고기샤브샤브,soup
순두부찌개,soup
된장찌개,soup
부대찌개,soup
돼지고기고추장찌개,soup
버섯된장찌개,soup
순두부찌개,soup
부대전골,soup
청국장찌개,soup
비지찌개,soup
김치찌개,soup
곱창전골,soup
고등어찌개,soup
꽁치찌개,soup
두부전골,soup
버섯찌개,soup
부대찌개,soup
새우젓두부찌개,soup
소곱창전골,soup
햄김치찌개,soup
호박찌개,soup
